[
  {
    "questionE": "¿Alguien del equipo ha viajado a la India?",
    "questionJ": "¿Ha viajado a la India?"
  },
  {
    "questionE": "¿Alguien del equipo toca un instrumento musical?",
    "questionJ": "¿Toca un instrumento musical?"
  },
  {
    "questionE": "¿Alguien del equipo tiene hermanos?",
    "questionJ": "¿Tiene hermanos?"
  },
  {
    "questionE": "¿A alguien del equipo le gusta cocinar?",
    "questionJ": "¿Le gusta cocinar?"
  },
  {
    "questionE": "¿Alguien del equipo ha hecho paracaidismo?",
    "questionJ": "¿Ha hecho paracaidismo?"
  },
  {
    "questionE": "¿Alguien del equipo tiene una mascota en casa?",
    "questionJ": "¿Tiene una mascota en casa?"
  },
  {
    "questionE": "¿Alguien del equipo ha vivido en otro país?",
    "questionJ": "¿Ha vivido en otro país?"
  },
  {
    "questionE": "¿A alguien del equipo le gusta la comida picante?",
    "questionJ": "¿Le gusta la comida picante?"
  },
  {
    "questionE": "¿Alguien del equipo ha hecho un viaje en solitario?",
    "questionJ": "¿Ha hecho un viaje en solitario?"
  },
  {
    "questionE": "¿Alguien del equipo ha asistido a un concierto en el último año?",
    "questionJ": "¿Ha asistido a un concierto en el último año?"
  },
  {
    "questionE": "¿Alguien del equipo ha corrido alguna vez una maratón?",
    "questionJ": "¿Ha corrido alguna vez una maratón?"
  },
  {
    "questionE": "¿A alguien del equipo le gusta leer libros de ficción?",
    "questionJ": "¿Le gusta leer libros de ficción?"
  },
  {
    "questionE": "¿Alguien del equipo ha tomado una clase de baile?",
    "questionJ": "¿Ha tomado una clase de baile?"
  },
  {
    "questionE": "¿A alguien del equipo le gusta hacer senderismo?",
    "questionJ": "¿Le gusta hacer senderismo?"
  },
  {
    "questionE": "¿Alguien del equipo ha participado en algún tipo de voluntariado?",
    "questionJ": "¿Ha participado en algún tipo de voluntariado?"
  },
  {
    "questionE": "¿Alguien del equipo tiene alguna alergia alimentaria?",
    "questionJ": "¿Tiene alguna alergia alimentaria?"
  },
  {
    "questionE": "¿A alguien del equipo le gusta el cine de terror?",
    "questionJ": "¿Le gusta el cine de terror?"
  },
  {
    "questionE": "¿Alguien del equipo ha asistido a una obra de teatro?",
    "questionJ": "¿Ha asistido a una obra de teatro?"
  },
  {
    "questionE": "¿Alguien del equipo ha ido de campamento?",
    "questionJ": "¿Ha ido de campamento?"
  },
  {
    "questionE": "¿A alguien del equipo le gusta el café?",
    "questionJ": "¿Le gusta el café?"
  },
  {
    "questionE": "¿Alguien del equipo ha probado alguna vez la comida vegana?",
    "questionJ": "¿Ha probado alguna vez la comida vegana?"
  },
  {
    "questionE": "¿A alguien del equipo le gustan los deportes de invierno?",
    "questionJ": "¿Le gustan los deportes de invierno?"
  },
  {
    "questionE": "¿Alguien del equipo ha tomado clases de arte?",
    "questionJ": "¿Ha tomado clases de arte?"
  },
  {
    "questionE": "¿Alguien del equipo tiene algún tipo de colección (sellos, monedas, etc.)?",
    "questionJ": "¿Tiene algún tipo de colección (sellos, monedas, etc.)?"
  },
  {
    "questionE": "¿Alguien del equipo ha escrito un diario?",
    "questionJ": "¿Ha escrito un diario?"
  },
  {
    "questionE": "¿A alguien del equipo le gusta la jardinería?",
    "questionJ": "¿Le gusta la jardinería?"
  },
  {
    "questionE": "¿Alguien del equipo ha montado a caballo?",
    "questionJ": "¿Ha montado a caballo?"
  },
  {
    "questionE": "¿Alguien del equipo tiene miedo a viajar en avión?",
    "questionJ": "¿Tiene miedo a viajar en avión?"
  },
  {
    "questionE": "¿Alguien del equipo ha hecho snorkel o buceo?",
    "questionJ": "¿Ha hecho snorkel o buceo?"
  },
  {
    "questionE": "¿A alguien del equipo le gustan los videojuegos?",
    "questionJ": "¿Le gustan los videojuegos?"
  },
  {
    "questionE": "¿Alguien del equipo ha tomado clases de cocina?",
    "questionJ": "¿Ha tomado clases de cocina?"
  },
  {
    "questionE": "¿A alguien del equipo le gustan los puzzles y rompecabezas?",
    "questionJ": "¿Le gustan los puzzles y rompecabezas?"
  },
  {
    "questionE": "¿Alguien del equipo ha asistido a una conferencia o seminario profesional?",
    "questionJ": "¿Ha asistido a una conferencia o seminario profesional?"
  },
  {
    "questionE": "¿A alguien del equipo le gusta el yoga o la meditación?",
    "questionJ": "¿Le gusta el yoga o la meditación?"
  },
  {
    "questionE": "¿Alguien del equipo practica aquagym?",
    "questionJ": "¿Practica aquagym?"
  },
  {
    "questionE": "¿Alguien del equipo practica tenis?",
    "questionJ": "¿Practica tenis?"
  },
  {
    "questionE": "¿A alguien del equipo le gusta ir a la playa?",
    "questionJ": "¿Le gusta ir a la playa?"
  },
  {
    "questionE": "¿Alguien del equipo ha hecho un viaje en tren de larga distancia?",
    "questionJ": "¿Ha hecho un viaje en tren de larga distancia?"
  },
  {
    "questionE": "¿Alguien del equipo disfruta celebrar su cumpleaños?",
    "questionJ": "¿Disfruta celebrar su cumpleaños?"
  },
  {
    "questionE": "¿Alguien del equipo ha participado en una competencia deportiva?",
    "questionJ": "¿Ha participado en una competencia deportiva?"
  },
  {
    "questionE": "¿A alguien del equipo le gusta la fotografía?",
    "questionJ": "¿Le gusta la fotografía?"
  },
  {
    "questionE": "¿Alguien del equipo ha hecho un curso en línea?",
    "questionJ": "¿Ha hecho un curso en línea?"
  },
  {
    "questionE": "¿A alguien del equipo le gustan los animales?",
    "questionJ": "¿Le gustan los animales?"
  },
  {
    "questionE": "¿Alguien del equipo ha visto un eclipse solar o lunar?",
    "questionJ": "¿Ha visto un eclipse solar o lunar?"
  },
  {
    "questionE": "¿Alguien del equipo disfruta decorar para las festividades?",
    "questionJ": "¿Disfruta decorar para las festividades?"
  },
  {
    "questionE": "¿Alguien del equipo ha hecho algo de bricolaje o manualidades?",
    "questionJ": "¿Ha hecho algo de bricolaje o manualidades?"
  },
  {
    "questionE": "¿A alguien del equipo le gusta la música clásica?",
    "questionJ": "¿Le gusta la música clásica?"
  },
  {
    "questionE": "¿Alguien del equipo ha viajado fuera de España alguna vez?",
    "questionJ": "¿Ha viajado fuera de España alguna vez?"
  },
  {
    "questionE": "¿Alguien del equipo practica algún deporte?",
    "questionJ": "¿Practica algún deporte?"
  },
  {
    "questionE": "¿Alguien del equipo tiene algún hobby o pasatiempo que disfrute particularmente?",
    "questionJ": "¿Tiene algún hobby o pasatiempo que disfrute particularmente?"
  },
  {
    "questionE": "¿Alguien del equipo está trabajando en la actualidad?",
    "questionJ": "¿Está trabajando en la actualidad?"
  },
  {
    "questionE": "¿Alguien del equipo ha participado alguna vez en un maratón?",
    "questionJ": "¿Ha participado alguna vez en un maratón?"
  },
  {
    "questionE": "¿A alguien del equipo le gusta escuchar música clásica?",
    "questionJ": "¿Le gusta escuchar música clásica?"
  },
  {
    "questionE": "¿Alguien del equipo sabe hablar más de un idioma?",
    "questionJ": "¿Sabe hablar más de un idioma?"
  },
  {
    "questionE": "¿Alguien del equipo colecciona algún tipo de objeto?",
    "questionJ": "¿Colecciona algún tipo de objeto?"
  },
  {
    "questionE": "¿Alguien del equipo ha probado alguna vez la comida tailandesa?",
    "questionJ": "¿Ha probado alguna vez la comida tailandesa?"
  },
  {
    "questionE": "¿Alguien del equipo toca algún instrumento musical?",
    "questionJ": "¿Toca algún instrumento musical?"
  },
  {
    "questionE": "¿Alguien del equipo está interesado en la fotografía?",
    "questionJ": "¿Está interesado en la fotografía?"
  },
  {
    "questionE": "¿Alguien del equipo tiene algún tatuaje?",
    "questionJ": "¿Tiene algún tatuaje?"
  },
  {
    "questionE": "¿Alguien del equipo ha visto alguna vez una aurora boreal?",
    "questionJ": "¿Ha visto alguna vez una aurora boreal?"
  },
  {
    "questionE": "¿A alguien del equipo le gusta la poesía?",
    "questionJ": "¿Le gusta la poesía?"
  },
  {
    "questionE": "¿A alguien del equipo le gusta la novela negra?",
    "questionJ": "¿Le gusta la novela negra?"
  },
  {
    "questionE": "¿A alguien del equipo le gustan los culebrones?",
    "questionJ": "¿Le gustan los culebrones?"
  },
  {
    "questionE": "¿A alguien del equipo le gusta el rock?",
    "questionJ": "¿Le gusta el rock?"
  },
  {
    "questionE": "¿Alguien del equipo tiene hijos?",
    "questionJ": "¿Tiene hijos?"
  },
  {
    "questionE": "¿Alguien del equipo está casado o casada?",
    "questionJ": "¿Está casado o casada?"
  },
  {
    "questionE": "¿A alguien del equipo le gusta pintar o dibujar?",
    "questionJ": "¿Le gusta pintar o dibujar?"
  },
  {
    "questionE": "¿Alguien del equipo es aficionado a la fotografía?",
    "questionJ": "¿Es aficionado a la fotografía?"
  },
  {
    "questionE": "¿A alguien del equipo le gusta asistir a obras de teatro?",
    "questionJ": "¿Le gusta asistir a obras de teatro?"
  },
  {
    "questionE": "¿A alguien del equipo le gusta el cine?",
    "questionJ": "¿Le gusta el cine?"
  }
]
