[
  {
    "type": "diaSemana",
    "question": "¿En qué día de la semana estamos?",
    "id": 0
  },
  {
    "type": "diaSemana",
    "question": "¿Qué día de la semana fue ayer?",
    "id": -1
  },
  {
    "type": "diaSemana",
    "question": "¿Qué día de la semana será mañana?",
    "id": 1
  },
  {
    "type": "mes",
    "question": "¿En qué mes estamos?",
    "id": 0
  },
  {
    "type": "mes",
    "question": "¿En qué mes estábamos el mes pasado?",
    "id": -1
  },
  {
    "type": "mes",
    "question": "¿En qué mes estaremos el próximo mes?",
    "id": 1
  },
  {
    "type": "estacion",
    "question": "¿En qué estación del año estamos?",
    "id": 0
  },
  {
    "type": "estacion",
    "question": "¿En qué estación del año estábamos la estación pasada?",
    "id": -1
  },
  {
    "type": "estacion",
    "question": "¿En qué estación del año estaremos la próxima estación?",
    "id": 1
  }
]
