{
  "interactionModel": {
    "dialog": {
      "intents": [
        {
          "slots": [
            {
              "name": "tipoParticipante",
              "elicitationRequired": true,
              "type": "tipoParticipantes",
              "confirmationRequired": true,
              "prompts": {
                "elicitation": "Elicit.Slot.228153027134.600727903026",
                "confirmation": "Confirm.Slot.228153027134.600727903026"
              }
            },
            {
              "name": "numJugadores",
              "elicitationRequired": true,
              "type": "AMAZON.NUMBER",
              "confirmationRequired": true,
              "prompts": {
                "elicitation": "Elicit.Slot.1297740976121.58499680412",
                "confirmation": "Confirm.Slot.274567948648.1241407158722"
              }
            }
          ],
          "name": "nuevaPartidaIntent",
          "confirmationRequired": true,
          "prompts": {
            "confirmation": "Confirm.Intent.373965235974"
          }
        },
        {
          "slots": [
            {
              "name": "temaAyuda",
              "elicitationRequired": true,
              "type": "tipoAyuda",
              "confirmationRequired": true,
              "prompts": {
                "elicitation": "Elicit.Slot.282739723454.1287855592498",
                "confirmation": "Confirm.Slot.470303180071.482449974275"
              }
            }
          ],
          "name": "ayudaReglasIntent",
          "confirmationRequired": false,
          "prompts": {}
        },
        {
          "slots": [
            {
              "name": "nombreJugador",
              "elicitationRequired": false,
              "type": "AMAZON.FictionalCharacter",
              "confirmationRequired": false,
              "prompts": {}
            }
          ],
          "name": "addJugadorIntent",
          "confirmationRequired": false,
          "prompts": {}
        }
      ],
      "delegationStrategy": "ALWAYS"
    },
    "languageModel": {
      "intents": [
        {
          "name": "AMAZON.CancelIntent",
          "samples": []
        },
        {
          "name": "AMAZON.HelpIntent",
          "samples": [
            "ayúdame",
            "ayuda"
          ]
        },
        {
          "name": "AMAZON.StopIntent",
          "samples": []
        },
        {
          "name": "AMAZON.NavigateHomeIntent",
          "samples": []
        },
        {
          "slots": [
            {
              "name": "tipoParticipante",
              "type": "tipoParticipantes",
              "samples": [
                "{tipoParticipante}",
                "{tipoParticipante} individuales",
                "Por {tipoParticipante}"
              ]
            },
            {
              "name": "numJugadores",
              "type": "AMAZON.NUMBER",
              "samples": [
                "{numJugadores} "
              ]
            }
          ],
          "name": "nuevaPartidaIntent",
          "samples": [
            "empezar una nueva partida",
            "empezar una partida",
            "nueva partida"
          ]
        },
        {
          "slots": [],
          "name": "jugarTurnoIntent",
          "samples": [
            "muéveme",
            "mueve mi ficha",
            "avanzar",
            "mover ficha",
            "mover jugador",
            "tira el dado",
            "tirar dado"
          ]
        },
        {
          "slots": [
            {
              "name": "temaAyuda",
              "type": "tipoAyuda",
              "samples": [
                "di {temaAyuda}",
                "comenta {temaAyuda}",
                "{temaAyuda}",
                "explica {temaAyuda}",
                "coméntame {temaAyuda}",
                "recuérdame {temaAyuda}",
                "dime {temaAyuda}",
                "explícame {temaAyuda}"
              ]
            }
          ],
          "name": "ayudaReglasIntent",
          "samples": [
            "explica los {temaAyuda}",
            "explica las {temaAyuda}",
            "comenta los {temaAyuda}",
            "comenta las {temaAyuda}",
            "dime las {temaAyuda}",
            "dime los {temaAyuda}",
            "di {temaAyuda}",
            "comenta {temaAyuda}",
            "explica {temaAyuda}",
            "recuérdame {temaAyuda}",
            "coméntame {temaAyuda}",
            "dime {temaAyuda}",
            "explícame {temaAyuda}"
          ]
        },
        {
          "slots": [
            {
              "name": "nombreJugador",
              "type": "AMAZON.FictionalCharacter"
            }
          ],
          "name": "addJugadorIntent",
          "samples": [
            "nuestro nombre son {nombreJugador}",
            "nuestro nombre es {nombreJugador}",
            "mi nombre es {nombreJugador}"
          ]
        },
        {
          "slots": [
            {
              "name": "respuestaVF",
              "type": "VyF"
            }
          ],
          "name": "preguntasVyFIntent",
          "samples": [
            "{respuestaVF}"
          ]
        },
        {
          "slots": [
            {
              "name": "respuestaCompas",
              "type": "tipoRespuestaCompas"
            }
          ],
          "name": "preguntasCompasIntent",
          "samples": [
            "es {respuestaCompas}",
            "{respuestaCompas}"
          ]
        },
        {
          "slots": [
            {
              "name": "respuestaCifra",
              "type": "AMAZON.NUMBER"
            }
          ],
          "name": "preguntasCifrasIntent",
          "samples": [
            "{respuestaCifra}"
          ]
        },
        {
          "slots": [],
          "name": "configuracionPruebaIntent",
          "samples": [
            "configuracion de prueba"
          ]
        },
        {
          "slots": [
            {
              "name": "respuestaCasilla",
              "type": "idCasilla"
            }
          ],
          "name": "preguntasCasillaIntent",
          "samples": [
            "la {respuestaCasilla}",
            "el {respuestaCasilla}",
            "la de la {respuestaCasilla}",
            "la del {respuestaCasilla}",
            "en la de la {respuestaCasilla}",
            "en la del {respuestaCasilla}",
            "no me acuerdo",
            "no me acuerdo de la casilla",
            "en {respuestaCasilla}",
            "en la casilla del {respuestaCasilla}",
            "en la casilla de la {respuestaCasilla}",
            "en la casilla de {respuestaCasilla}",
            "la casilla del {respuestaCasilla}",
            "la casilla de la {respuestaCasilla}",
            "la casilla de {respuestaCasilla}",
            "la casilla {respuestaCasilla}"
          ]
        },
        {
          "slots": [
            {
              "name": "respuestaDiaSemana",
              "type": "AMAZON.DayOfWeek"
            },
            {
              "name": "respuestaMes",
              "type": "AMAZON.Month"
            },
            {
              "name": "respuestaEstacion",
              "type": "estacion"
            }
          ],
          "name": "preguntasFechasIntent",
          "samples": [
            "estaremos en {respuestaMes}",
            "estaremos en {respuestaEstacion}",
            "estábamos en {respuestaMes}",
            "estábamos en {respuestaEstacion}",
            "fue {respuestaDiaSemana}",
            "será {respuestaDiaSemana}",
            "estamos en {respuestaEstacion}",
            "estamos a {respuestaEstacion}",
            "estamos en {respuestaMes}",
            "estamos a {respuestaMes}",
            "hoy es {respuestaDiaSemana}",
            "estamos a {respuestaDiaSemana}",
            "{respuestaMes}",
            "{respuestaEstacion}",
            "{respuestaDiaSemana}"
          ]
        },
        {
          "slots": [],
          "name": "guardarPartidaIntent",
          "samples": [
            "guarda la partida",
            "guardar partida"
          ]
        },
        {
          "slots": [],
          "name": "cargarPartidaIntent",
          "samples": [
            "cargar la partida anterior",
            "reanudar la partida anterior",
            "continuar la partida anterior",
            "cargar la última partida",
            "reanudar la última partida",
            "continuar la última partida",
            "reanudar la partida",
            "reanudar partida",
            "continuar partida",
            "continuar la partida",
            "cargar la partida",
            "cargar partida"
          ]
        }
      ],
      "types": [
        {
          "values": [
            {
              "name": {
                "synonyms": [
                  "tipos de minijuegos",
                  "los tipos de minijuegos",
                  "los minijuegos"
                ],
                "value": "minijuegos"
              }
            },
            {
              "name": {
                "synonyms": [
                  "los comandos de voz disponibles",
                  "los comandos de voz",
                  "los comandos",
                  "comandos de voz"
                ],
                "value": "comandos"
              }
            },
            {
              "name": {
                "synonyms": [
                  "las casillas del tablero",
                  "las casillas",
                  "casillas del tablero"
                ],
                "value": "casillas"
              }
            },
            {
              "name": {
                "synonyms": [
                  "las reglas generales",
                  "las reglas",
                  "las reglas del juego"
                ],
                "value": "reglas"
              }
            }
          ],
          "name": "tipoAyuda"
        },
        {
          "values": [
            {
              "name": {
                "synonyms": [
                  "jugadores individuales"
                ],
                "value": "jugadores"
              }
            },
            {
              "name": {
                "value": "equipos"
              }
            }
          ],
          "name": "tipoParticipantes"
        },
        {
          "values": [
            {
              "name": {
                "value": "falso"
              }
            },
            {
              "name": {
                "value": "verdadero"
              }
            }
          ],
          "name": "VyF"
        },
        {
          "values": [
            {
              "name": {
                "value": "cometa"
              }
            },
            {
              "name": {
                "value": "gato"
              }
            },
            {
              "name": {
                "synonyms": [
                  "árbol navidad",
                  "árbol de navidad",
                  "árbol de Navidad"
                ],
                "value": "árbol Navidad"
              }
            },
            {
              "name": {
                "synonyms": [
                  "aceite de oliva"
                ],
                "value": "aceite"
              }
            },
            {
              "name": {
                "value": "limón"
              }
            },
            {
              "name": {
                "synonyms": [
                  "cámara de fotos"
                ],
                "value": "cámara"
              }
            },
            {
              "name": {
                "value": "cárcel"
              }
            },
            {
              "name": {
                "value": "payaso"
              }
            },
            {
              "name": {
                "value": "reloj"
              }
            },
            {
              "name": {
                "value": "calcetín"
              }
            },
            {
              "name": {
                "synonyms": [
                  "tarta de cumpleaños",
                  "tarta de cumple"
                ],
                "value": "tarta"
              }
            },
            {
              "name": {
                "value": "laberinto"
              }
            },
            {
              "name": {
                "value": "biblioteca"
              }
            },
            {
              "name": {
                "value": "rayuela"
              }
            },
            {
              "name": {
                "synonyms": [
                  "las canicas"
                ],
                "value": "canicas"
              }
            },
            {
              "name": {
                "value": "perro"
              }
            },
            {
              "name": {
                "synonyms": [
                  "ciudad de granada",
                  "ciudad de Granada",
                  "granada"
                ],
                "value": "Granada"
              }
            },
            {
              "name": {
                "value": "fútbol"
              }
            },
            {
              "name": {
                "value": "hotel"
              }
            },
            {
              "name": {
                "value": "pozo"
              }
            },
            {
              "name": {
                "value": "paella"
              }
            },
            {
              "name": {
                "synonyms": [
                  "minijuego de recuerda la fecha",
                  "minijuego de recuerda la fecha actual",
                  "minijuego recuerda la fecha actual",
                  "minijuego de recordar la fecha actual",
                  "minijuego de recordar la fecha"
                ],
                "value": "minijuego recuerda la fecha"
              }
            },
            {
              "name": {
                "synonyms": [
                  "minijuego de recordar la última casilla",
                  "minijuego recuerda la última casilla",
                  "minijuego última casilla",
                  "minijuego de la última casilla",
                  "minijuego de recordar la casilla",
                  "minijuego de recuerda la casilla"
                ],
                "value": "minijuego recuerda la casilla"
              }
            },
            {
              "name": {
                "synonyms": [
                  "minijuego de averiguar la cifra",
                  "minijuego adivinar las cifras",
                  "minijuego de adivinar las cifras",
                  "minijuego de adivina las cifras",
                  "minijuego de cifras",
                  "minijuego de la cifra",
                  "minijuego de las cifras",
                  "minijuego de adivina la cifra",
                  "minijuego averigua la cifra"
                ],
                "value": "minijuego adivina la cifra"
              }
            },
            {
              "name": {
                "value": "chocolate"
              }
            },
            {
              "name": {
                "synonyms": [
                  "las fresas",
                  "fresas"
                ],
                "value": "fresa"
              }
            },
            {
              "name": {
                "value": "paraguas"
              }
            },
            {
              "name": {
                "synonyms": [
                  "los sombreros",
                  "sombreros"
                ],
                "value": "sombrero"
              }
            },
            {
              "name": {
                "value": "jamón"
              }
            },
            {
              "name": {
                "value": "maceta"
              }
            },
            {
              "name": {
                "value": "flor"
              }
            },
            {
              "name": {
                "synonyms": [
                  "minijuego de compañeros",
                  "minijuego compañeros",
                  "minijuego de conoce a tus compañeros"
                ],
                "value": "minijuego conoce a tus compañeros"
              }
            },
            {
              "name": {
                "value": "queso"
              }
            },
            {
              "name": {
                "synonyms": [
                  "las lentejas"
                ],
                "value": "lentejas"
              }
            },
            {
              "name": {
                "value": "puente"
              }
            },
            {
              "name": {
                "value": "oca"
              }
            },
            {
              "name": {
                "synonyms": [
                  "minijuego de verdadero o falso"
                ],
                "value": "minijuego verdadero o falso"
              }
            },
            {
              "name": {
                "synonyms": [
                  "bolsa de dinero"
                ],
                "value": "dinero"
              }
            },
            {
              "name": {
                "value": "trompo"
              }
            }
          ],
          "name": "idCasilla"
        },
        {
          "values": [
            {
              "name": {
                "synonyms": [
                  "el invierno"
                ],
                "value": "invierno"
              }
            },
            {
              "name": {
                "synonyms": [
                  "el otoño"
                ],
                "value": "otoño"
              }
            },
            {
              "name": {
                "synonyms": [
                  "el verano"
                ],
                "value": "verano"
              }
            },
            {
              "name": {
                "synonyms": [
                  "la primavera"
                ],
                "value": "primavera"
              }
            }
          ],
          "name": "estacion"
        },
        {
          "values": [
            {
              "name": {
                "synonyms": [
                  "incorrecta"
                ],
                "value": "incorrecto"
              }
            },
            {
              "name": {
                "synonyms": [
                  "correcta"
                ],
                "value": "correcto"
              }
            }
          ],
          "name": "tipoRespuestaCompas"
        }
      ],
      "invocationName": "probando oca"
    },
    "prompts": [
      {
        "variations": [
          {
            "type": "PlainText",
            "value": "¿Cuántos {tipoParticipante} participarán?"
          }
        ],
        "id": "Elicit.Slot.1297740976121.58499680412"
      },
      {
        "variations": [
          {
            "type": "PlainText",
            "value": "Van a participar {numJugadores} jugadores, ¿es esto correcto?"
          }
        ],
        "id": "Confirm.Slot.1558169965326.1652526822582"
      },
      {
        "variations": [
          {
            "type": "PlainText",
            "value": "Van a participar {numJugadores} {tipoParticipante}, ¿es esto correcto?"
          }
        ],
        "id": "Confirm.Slot.274567948648.1241407158722"
      },
      {
        "variations": [
          {
            "type": "PlainText",
            "value": "A continuación, pediré a los {numJugadores} {tipoParticipante} sus nombres en esta partida. ¿Procedemos al registro de nombres?"
          }
        ],
        "id": "Confirm.Intent.373965235974"
      },
      {
        "variations": [
          {
            "type": "PlainText",
            "value": "El tema a explicar es \u0027 {temaAyuda} \u0027, ¿correcto?"
          }
        ],
        "id": "Confirm.Slot.470303180071.482449974275"
      },
      {
        "variations": [
          {
            "type": "PlainText",
            "value": "¿Qué tema quiere que le explique?"
          }
        ],
        "id": "Elicit.Slot.282739723454.1287855592498"
      },
      {
        "variations": [
          {
            "type": "PlainText",
            "value": "¿Se va a jugar por equipos o jugadores individuales?"
          }
        ],
        "id": "Elicit.Slot.228153027134.600727903026"
      },
      {
        "variations": [
          {
            "type": "PlainText",
            "value": "En esta partida, van a participar {tipoParticipante} , ¿correcto?"
          }
        ],
        "id": "Confirm.Slot.228153027134.600727903026"
      }
    ]
  }
}