{
 "type": "APL",
 "version": "1.4",
 "import": [
    {
      "name": "alexa-layouts",
      "version": "1.7.0"
    }
  ],
 "mainTemplate": {
    "items": [
      {
        "type": "Container",
        "width": "100%",
        "height": "100%",
        "alignItems": "center",
        "justifyContent": "center",
        "items": [
          {
            "type": "AlexaBackground",
            "backgroundColor": "#FFFFFF"
          },
          {
            "type": "Image",
            "source": "https://bucket-oca.s3.eu-west-1.amazonaws.com/oca.png",
            "width": "70%",
            "height": "70%",
            "scale": "best-fit"
          },
          {
            "type": "Text",
            "text": "¡Bienvenidos/as a la oca!",
            "color": "#000000",
            "fontSize": "60dp",
            "marginTop": "15dp"
          }
        ]
      }
    ]
 }
}
