{
 "type": "APL",
 "version": "1.6",
 "mainTemplate": {
    "parameters": [
        "payload"
    ],
    "items": [
      {
        "type": "Container",
        "width": "100%",
        "height": "100%",
        "items": [
          {
            "type": "Image",
            "source": "${payload.datosCasilla.properties.casillaImg}",
            "width": "53%",
            "height": "100%",
            "position": "absolute",
            "right": "0dp",
            "objectFit": "contain",
            "scale": "best-fit"
          },
          {
            "type": "Frame",
            "width": "47%",
            "height": "45%",
            "backgroundColor": "${payload.datosCasilla.properties.circleColor}",
            "alignSelf": "left",
            "alignItems": "left",
            "items": [
              {
                "type": "Text",
                "text": "${payload.datosCasilla.properties.circleId}",
                "color": "#FFFFFF",
                "fontSize": "60dp"
              }
            ]
          },
          {
            "type": "Sequence",
            "id": "fichaSequence",
            "width": "40%",
            "height": "55%",
            "scrollDirection": "vertical",
            "data": "${payload.datosCasilla.properties.fichas}",
            "items": [
              {
                "type": "Frame",
                "direction": "row",
                "width": "auto",
                "height": "auto",
                "backgroundColor": "${data.codigo}",
                "alignItems": "left",
                "justifyContent": "center",
                "items": [
                 {
                    "type": "Text",
                    "text": "${data.id}",
                    "color": "#FFFFFF",
                    "fontSize": "40dp"
                 }
                ]
              }
            ]
          }
        ]
      }
    ]
 }
}
