{
  "type": "APL",
  "version": "1.5",
  "theme": "dark",
  "mainTemplate": {
    "parameters": [
      "payload"
    ],
    "items": [
      {
        "type": "Sequence",
        "data": "${payload.datosFichas.properties.jugadores}",
        "width": "100%",
        "height": "100%",
        "scrollDirection": "vertical",
        "items": [
          {
            "type": "Frame",
            "direction": "row",
            "backgroundColor": "${data.codigo}",
            "height": "96dp",
            "width": "100%",
            "items": [
              {
                "type": "Text",
                "text": "${data.nombre}",
                "color": "white",
                "fontSize": "60dp"
              }
            ]
          }
        ]
      }
    ]
  }
}